<?xml version="1.0" encoding="UTF-8"?>
<beans xmlns="http://www.springframework.org/schema/beans"
       xmlns:xsi="http://www.w3.org/2001/XMLSchema-instance"
       xmlns:context="http://www.springframework.org/schema/context"
       xsi:schemaLocation="http://www.springframework.org/schema/beans
                           http://www.springframework.org/schema/beans/spring-beans.xsd
                           http://www.springframework.org/schema/context
                           http://www.springframework.org/schema/context/spring-context.xsd">

    <!-- Component scanning -->
    <context:component-scan base-package="com.tap.vaccine.controller" />
    <context:component-scan base-package="com.tap.vaccine.dao" />
    <context:component-scan base-package="com.tap.vaccine.service" />

    <!-- Hibernate SessionFactory -->
    <bean id="sessionFactory" class="org.springframework.orm.hibernate5.LocalSessionFactoryBean">
        <property name="configLocation" value="/WEB-INF/hibernate.cfg.xml" />
        <property name="packagesToScan" value="com.tap.vaccine.model" />
        <property name="hibernateProperties">
            <props>
                <prop key="hibernate.dialect">org.hibernate.dialect.MySQLDialect</prop>
                <prop key="hibernate.show_sql">true</prop>
                <prop key="hibernate.hbm2ddl.auto">update</prop>
            </props>
        </property>
    </bean>

    <!-- JavaMailSender Configuration -->
    <bean id="mailSender" class="org.springframework.mail.javamail.JavaMailSenderImpl">
        <property name="host" value="smtp.gmail.com" />
        <property name="username" value="phoebiebuffay1009@gmail.com" />
        <property name="password" value="xphr nfto izvc pkzr" />
        <property name="port" value="587" />
        <property name="javaMailProperties">
            <props>
                <prop key="mail.smtp.auth">true</prop>
                <prop key="mail.smtp.starttls.enable">true</prop>
                <prop key="mail.smtp.starttls.required">true</prop>
            </props>
        </property>
    </bean>

</beans>
